T,L,M,M0,mc,rm,rm2,rm4,error,mc*tau,c,time_of_save
4.0,10,500,100,5,0.16704000000000008,0.04369279999999993,0.005564775679999997,0.005776529814807796,0.14149543034248474,0.02752028709535573,2024-03-23 11:30:28.588765
3.9,10,500,100,5,0.17419999999999985,0.04719279999999988,0.006315455679999998,0.006035481191242463,0.20275770588645867,0.03897119899645842,2024-03-23 11:30:30.471402
3.8,10,500,100,5,0.18188,0.05154319999999993,0.007897555519999993,0.006312055842516002,0.19744482128498347,0.03798882490803788,2024-03-23 11:30:33.065236
3.7,10,500,100,5,0.1932,0.05677759999999992,0.008892181759999996,0.006416168965884505,0.14552351344453657,0.02828157583272215,2024-03-23 11:30:35.555311
3.6,10,500,100,5,0.19760000000000003,0.05787199999999993,0.008633949439999991,0.00639629532542124,0.2164607676576542,0.041495714680674485,2024-03-23 11:30:38.856582
3.5,10,500,100,5,0.19688000000000017,0.05997439999999989,0.009853087999999992,0.006803678425915311,0.2277359312203692,0.043563013552447405,2024-03-23 11:30:41.061469
3.4,10,500,100,5,0.22012,0.07320080000000001,0.013811896639999977,0.007415582966846508,0.2775427678740064,0.05258939246565521,2024-03-23 11:30:43.112593
3.3,10,500,100,5,0.235,0.08278160000000001,0.017286247999999973,0.007900157330474488,0.33110424754186546,0.062108004677367795,2024-03-23 11:30:45.288878
3.2,10,500,100,5,0.24871999999999997,0.09392800000000003,0.022235793279999992,0.008786240702526257,0.5093071770079219,0.09244486840984681,2024-03-23 11:30:47.391727
3.1,10,500,100,5,0.2640400000000003,0.10493840000000015,0.026145634880000015,0.009298011902873743,0.56821008752701,0.10204537519153972,2024-03-23 11:30:49.767983
3.0,10,500,100,5,0.2804400000000003,0.11613040000000008,0.03137240416000003,0.009792947138529573,0.6981081588486553,0.12251577881415876,2024-03-23 11:30:51.505749
2.9,10,500,100,5,0.28436000000000017,0.12026800000000003,0.03364258528000005,0.010037542555392513,0.6958555085937583,0.12216874314031838,2024-03-23 11:30:53.285322
2.8,10,500,100,5,0.3416799999999996,0.16859680000000016,0.061313441919999885,0.011937916537692364,0.9356199429529903,0.15762800717451536,2024-03-23 11:30:55.097140
2.7,10,500,100,5,0.40332,0.21655760000000004,0.0874711452799999,0.011907631290720542,0.7888792732977418,0.13627495687059685,2024-03-23 11:30:58.812005
2.6,10,500,100,5,0.46660000000000007,0.2796088000000001,0.13189559007999999,0.012844964913440018,0.8322121209744593,0.1426923616137973,2024-03-23 11:31:02.219148
2.5,10,500,100,5,0.5156800000000005,0.33452640000000033,0.17864639039999994,0.013503166522279663,0.8224139435974085,0.14124965204539816,2024-03-23 11:31:05.150300
2.4,10,500,100,5,0.5976399999999993,0.4159831999999999,0.24188205535999985,0.011862785973177718,0.4911276879368937,0.0894402235474911,2024-03-23 11:31:06.866285
2.39,10,500,500,5,0.6510399999999998,0.48374720000000015,0.30707815808000033,0.012010048223962897,0.5103385398088077,0.0926147343075068,2024-03-23 11:31:09.304956
2.38,10,500,500,5,0.6556000000000007,0.4839264,0.3044611852799998,0.011231830064076343,0.4140236842726982,0.07647245531551766,2024-03-23 11:31:12.371647
2.37,10,500,500,5,0.6824400000000003,0.5140247999999988,0.3282225686400004,0.010478654585414726,0.3416456291912381,0.06395887202329548,2024-03-23 11:31:15.200018
2.36,10,500,500,5,0.6338800000000002,0.4674632,0.29592796064000004,0.012754979636039521,0.5972267547961886,0.10670047524596586,2024-03-23 11:31:18.141591
2.35,10,500,500,5,0.6802399999999995,0.5127695999999995,0.33131239872,0.010710243355348342,0.36526053394837954,0.06807880654391607,2024-03-23 11:31:20.210265
2.34,10,500,500,5,0.7289599999999996,0.5746032,0.3929599315200007,0.00979422359875926,0.274342472442778,0.05201453524797719,2024-03-23 11:31:21.882223
2.33,10,500,500,5,0.6585999999999993,0.4934055999999992,0.32025153183999966,0.011907370173867433,0.47111413151229664,0.08610935911550317,2024-03-23 11:31:23.562977
2.32,10,500,500,5,0.6899999999999988,0.5282400000000005,0.35050955520000043,0.010936627637176156,0.36751592046031256,0.06847039224595253,2024-03-23 11:31:25.256304
2.31,10,500,500,5,0.7607199999999991,0.6138256000000002,0.4310428460800008,0.008721026467883421,0.20619225096103744,0.03960519339695444,2024-03-23 11:31:26.928320
2.3,10,500,500,5,0.7229199999999999,0.5733687999999999,0.39823797088000096,0.010703531517233437,0.3215081747461345,0.060416739801677034,2024-03-23 11:31:28.594144
2.29,10,500,500,5,0.73552,0.5867616000000004,0.4101356736000011,0.010111173937875247,0.2919906178143308,0.05517595152784439,2024-03-23 11:31:30.298969
2.28,10,500,500,5,0.7153599999999994,0.5667536000000003,0.39574543808000046,0.011246240889205601,0.3737842162326801,0.0695569827875827,2024-03-23 11:31:31.946747
2.27,10,500,500,5,0.7636399999999999,0.6237752000000009,0.4507758320000012,0.009475416457452203,0.26228754964790524,0.049842876728668065,2024-03-23 11:31:33.597161
2.26,10,500,500,5,0.7884799999999992,0.6528192000000007,0.4798397414400009,0.008118335827962349,0.14743635788371243,0.028642677176163974,2024-03-23 11:31:35.263308
2.25,10,500,500,5,0.7826799999999999,0.6447320000000006,0.4676944035200004,0.008287293047930841,0.17076236848039786,0.03302460185007151,2024-03-23 11:31:37.012897
2.24,10,500,500,5,0.7784000000000004,0.6395616000000001,0.4656585523200004,0.008465308320318348,0.16161639378724194,0.031311198170745666,2024-03-23 11:31:38.662759
2.23,10,500,500,5,0.8117599999999984,0.679299200000001,0.5001480627200011,0.006488945263928722,0.08703690305338253,0.01710954819320075,2024-03-23 11:31:40.327356
2.22,10,500,500,5,0.7753199999999993,0.6489992000000003,0.4883077251200012,0.010371504097523312,0.30838480007139396,0.05809390458416776,2024-03-23 11:31:42.063822
2.21,10,500,500,5,0.8134799999999991,0.6950136000000009,0.5344602172800007,0.008466504387778982,0.1936753868177982,0.03729062222667414,2024-03-23 11:31:43.713154
2.2,10,500,500,5,0.8186399999999983,0.6936464000000011,0.5267364473600009,0.006987152336780835,0.09959536364844379,0.01953005219951206,2024-03-23 11:31:45.367068
2.19,10,500,500,5,0.8077599999999993,0.6806944000000011,0.5122363686400006,0.007728166693473538,0.14565943668420267,0.028307243896821852,2024-03-23 11:31:47.379745
2.18,10,500,500,5,0.8466799999999991,0.7326984000000014,0.5705926147200013,0.005691442222472286,0.057619699164255786,0.011392651601261582,2024-03-23 11:31:49.647394
2.17,10,500,500,5,0.8514799999999991,0.7404312000000013,0.5818938633600009,0.005608313148344465,0.05086264673186283,0.010070091049649364,2024-03-23 11:31:51.611750
2.16,10,500,500,5,0.8394799999999984,0.7256968000000006,0.5667545641600008,0.006593735734813763,0.09162388179478176,0.017995021612335713,2024-03-23 11:31:53.891870
2.15,10,500,500,5,0.845919999999999,0.7310320000000007,0.5704396614400007,0.005617714480872481,0.05307049511502827,0.010502623140985918,2024-03-23 11:31:56.233863
2.14,10,500,500,5,0.8299199999999979,0.7198288000000009,0.5672608364800005,0.008138337970576358,0.16537133349604305,0.032015381435145714,2024-03-23 11:31:58.333329
2.13,10,500,500,5,0.8580399999999992,0.7546808000000016,0.6043640816000008,0.006168669400678828,0.07833880690126807,0.015426069405768798,2024-03-23 11:32:00.823347
2.12,10,500,500,5,0.8580399999999992,0.7584152000000013,0.6138894665600008,0.006800143014741197,0.10576035612556217,0.020713928729278824,2024-03-23 11:32:02.993382
2.11,10,500,500,5,0.8700399999999987,0.7738424000000007,0.6307627836800015,0.005891882554240828,0.07176367621399214,0.014149649075834467,2024-03-23 11:32:05.636532
2.1,10,500,500,5,0.8571599999999988,0.7611448000000016,0.6210373206400003,0.007460948184395582,0.13354064564793675,0.026013360926858256,2024-03-23 11:32:08.358210
2.09,10,500,500,5,0.8852399999999992,0.7954792000000014,0.6584077225600011,0.004903640235954589,0.04089436574126085,0.008112521861038316,2024-03-23 11:32:10.073342
2.08,10,500,500,5,0.8685199999999984,0.7732920000000013,0.6327539299200011,0.006252117421926827,0.07638758706141395,0.015047627028343733,2024-03-23 11:32:12.025963
2.07,10,500,500,5,0.884319999999998,0.7936336000000017,0.6570300563200001,0.004854371754444935,0.03675698053388215,0.007297747474404853,2024-03-23 11:32:13.806876
2.06,10,500,500,5,0.8919999999999981,0.8069536000000016,0.6767266316800004,0.0047864569041841335,0.036645418748451924,0.00727575910189006,2024-03-23 11:32:16.669032
2.05,10,500,500,5,0.8957999999999989,0.809567200000001,0.6751676732800008,0.0037781576188301047,0.009732492713689233,0.001942717046837226,2024-03-23 11:32:18.759348
2.04,10,500,500,5,0.8831999999999994,0.794340800000001,0.6608148281600006,0.005402559675317848,0.051625045228898485,0.010219492691298758,2024-03-23 11:32:21.054304
2.03,10,500,500,5,0.9039600000000001,0.8234056000000016,0.6959892649600012,0.003545722561089226,0.009643945578686598,0.001925076050005103,2024-03-23 11:32:23.253650
2.02,10,500,500,5,0.9092799999999985,0.8338320000000023,0.7138417017600001,0.0037629015741718528,0.013431256941154183,0.002679054773626037,2024-03-23 11:32:24.956670
2.01,10,500,500,5,0.9016799999999987,0.8221408000000016,0.6982116659199997,0.0042910851253716445,0.02543570454599799,0.005061392890369468,2024-03-23 11:32:26.879005
2.0,10,500,100,5,0.8925599999999995,0.8075296000000018,0.6775718003200004,0.004693829378079935,0.034457785546883425,0.006844388614362041,2024-03-23 11:32:28.683512
1.9,10,500,100,5,0.9441599999999996,0.894547200000001,0.8099742873600013,0.002496263338901211,0.0052836354609107645,0.001055611598806872,2024-03-23 11:32:30.336247
1.8,10,500,100,5,0.9605599999999989,0.9242848000000013,0.8597591065600017,0.001794416441358188,0.0010544774763474023,0.00021085102773755768,2024-03-23 11:32:32.028755
1.7,10,500,100,5,0.9741199999999998,0.9499016000000007,0.9058547753600017,0.0014083750096764852,-0.00016514007222129926,-3.302910533002777e-05,2024-03-23 11:32:33.772504
1.6,10,500,100,5,0.9809600000000008,0.9627919999999996,0.9288628640000026,0.0010093222249565558,-0.0005531299384661621,-0.0001106382271563882,2024-03-23 11:32:35.589551
1.5,10,500,100,5,0.9857200000000008,0.9720807999999992,0.9465695248000023,0.0009347338621650515,-0.00010245028947801785,-2.049047774667891e-05,2024-03-23 11:32:37.301943
1.4,10,500,100,5,0.990880000000001,0.9821055999999991,0.9655044774400016,0.0007244862319580984,0.0001386121551482447,2.7721662517771768e-05,2024-03-23 11:32:38.838559
1.3,10,500,100,5,0.9941600000000002,0.9885183999999996,0.9777950886400013,0.0005732286830936934,1.7674999030291748e-05,3.5349873098788946e-06,2024-03-23 11:32:40.424209
1.2,10,500,100,5,0.997320000000001,0.9947047999999993,0.9896615043200011,0.000339464749605784,2.421634706418228e-05,4.84324595569146e-06,2024-03-23 11:32:41.966074
1.1,10,500,100,5,0.9986400000000002,0.9973119999999996,0.9947486963200003,0.0002455526957963381,-0.0001937613416886417,-3.8753770134227684e-05,2024-03-23 11:32:43.546063
1.0,10,500,100,5,0.9992400000000002,0.9984967999999999,0.9970592105600002,0.00018012429725610836,-2.8923461048570633e-06,-5.784695555982459e-07,2024-03-23 11:32:45.067038
0.9,10,500,100,5,0.9996800000000001,0.9993663999999999,0.9987578905600001,0.00011222832716411624,-5.123245559961283e-07,-1.0246492169828475e-07,2024-03-23 11:32:46.535350
0.8,10,500,100,5,1.0,1.0,1.0,0.0,0.0,0.0,2024-03-23 11:32:48.002275
0.7,10,500,100,5,0.9999600000000001,0.9999207999999999,0.99984473632,3.995997991051835e-05,-8.000634299358461e-09,-1.6001268624320984e-09,2024-03-23 11:32:49.539561
0.6,10,500,100,5,1.0,1.0,1.0,0.0,0.0,0.0,2024-03-23 11:32:51.393137
0.5,10,500,100,5,1.0,1.0,1.0,0.0,0.0,0.0,2024-03-23 11:32:53.869350
0.4,10,500,100,5,1.0,1.0,1.0,0.0,0.0,0.0,2024-03-23 11:32:58.981071
0.3,10,500,100,5,1.0,1.0,1.0,0.0,0.0,0.0,2024-03-23 11:33:03.072937
0.2,10,500,100,5,1.0,1.0,1.0,0.0,0.0,0.0,2024-03-23 11:33:06.913816
0.1,10,500,100,5,1.0,1.0,1.0,0.0,0.0,0.0,2024-03-23 11:33:08.521503
4.0,20,500,100,5,0.08275000000000003,0.010836949999999993,0.00034283727874999967,0.002895970943305331,0.1277992876314962,0.024922833454061735,2024-03-23 11:35:37.170329
3.9,20,500,100,5,0.07961,0.010010949999999994,0.00028693792375,0.002795233713585441,0.1588995904510984,0.030801062836193726,2024-03-23 11:35:59.292446
3.8,20,500,100,5,0.08540000000000007,0.01127720000000001,0.0003547516700000001,0.002846378887912271,0.04197773288944822,0.008325648210546875,2024-03-23 11:36:36.949219
3.7,20,500,100,5,0.08817000000000004,0.01271454999999999,0.0005005532087500005,0.003174245906171811,0.04924372280544393,0.009752692781104908,2024-03-23 11:37:01.899941
3.6,20,500,100,5,0.09894999999999998,0.015394450000000004,0.0007156586762499998,0.0034953525749254134,0.22548900970306154,0.04315175274206059,2024-03-23 11:37:29.437731
3.5,20,500,100,5,0.09961000000000006,0.01550225000000001,0.0006627142362499999,0.0035360608996870477,0.3009649002519239,0.05677549387992002,2024-03-23 11:37:48.843293
3.4,20,500,100,5,0.10979999999999995,0.01841099999999998,0.0010095938249999996,0.0037810910421964363,0.3121045351540681,0.05875346260387854,2024-03-23 11:38:04.015095
3.3,20,500,100,5,0.11422000000000006,0.019424,0.0009613937449999991,0.0038560162289035613,0.4141868553622214,0.07650028830312901,2024-03-23 11:38:16.776476
3.2,20,500,100,5,0.11482000000000006,0.021034700000000003,0.0013760241275000012,0.00442320299815963,0.6149783952516804,0.10952462359814924,2024-03-23 11:38:30.042963
3.1,20,500,100,5,0.12717999999999996,0.02428420000000002,0.0014957737150000006,0.00441304326493808,0.5018923326872594,0.09122176559244351,2024-03-23 11:38:37.024399
3.0,20,500,100,5,0.12655,0.024723949999999984,0.001772861138750001,0.004755963816057435,0.7465077007054504,0.12990632564780308,2024-03-23 11:38:43.520185
2.9,20,500,100,5,0.15093000000000012,0.03568755000000003,0.0033883348687499966,0.0060300830372535304,1.0213422424766128,0.1696203606019459,2024-03-23 11:38:53.253624
2.8,20,500,100,5,0.1654699999999999,0.040476550000000035,0.0044535380537500035,0.006126316313710378,1.082305189632192,0.1779432560334318,2024-03-23 11:39:00.889742
2.7,20,500,100,5,0.20177999999999982,0.058660100000000034,0.008089698117500002,0.007179420341362022,1.0904341673530298,0.17904046532481355,2024-03-23 11:39:12.414466
2.6,20,500,100,5,0.28527999999999976,0.11311520000000003,0.026286904085000024,0.00997118310559958,1.416752999633716,0.22078970465507833,2024-03-23 11:39:25.135108
2.5,20,500,100,5,0.3333299999999997,0.1494614500000001,0.04369402302625003,0.010901901074826812,1.3736476664301889,0.2155198621450555,2024-03-23 11:39:32.708840
2.4,20,500,100,5,0.46858000000000016,0.2773006999999999,0.12380610232249994,0.013007764901295136,1.163427554875764,0.1887630777708095,2024-03-23 11:39:41.188636
2.39,20,500,500,5,0.43141,0.23688084999999998,0.09227133252624993,0.01219806760229234,1.1636746448652273,0.1887955987155568,2024-03-23 11:39:52.540978
2.38,20,500,500,5,0.55923,0.3549319499999994,0.16668556927875014,0.010200700343900176,0.5826327950434717,0.10436523705459562,2024-03-23 11:40:05.179590
2.37,20,500,500,5,0.52428,0.32762769999999947,0.15275828091250024,0.011909992774562164,0.8608040399681876,0.14687473495067752,2024-03-23 11:40:13.330894
2.36,20,500,500,5,0.5064799999999998,0.30863699999999994,0.13967248880999997,0.011878345178243365,0.8842237883205035,0.15027025146045336,2024-03-23 11:40:24.940176
2.35,20,500,500,5,0.45427000000000023,0.2736006499999999,0.13032110758624996,0.014570573077693206,1.446747476570538,0.2244150995255302,2024-03-23 11:40:34.301537
2.34,20,500,500,5,0.5262300000000002,0.3323301499999998,0.1634085858537501,0.0122900144628832,0.9072962937996698,0.15358909536194637,2024-03-23 11:40:46.218630
2.33,20,500,500,5,0.5953099999999998,0.39880224999999947,0.20763739295125022,0.010416527594455917,0.5541632916483058,0.09977439670914807,2024-03-23 11:40:57.763254
2.32,20,500,500,5,0.6104899999999998,0.4217149499999997,0.2292056566537502,0.011019764072059568,0.5967680452418429,0.1066272606650533,2024-03-23 11:41:07.347271
2.31,20,500,500,5,0.6343200000000002,0.4444991999999994,0.24602612872500015,0.00999731055901108,0.46489479716548815,0.08506930406173932,2024-03-23 11:41:18.134464
2.3,20,500,500,5,0.5928199999999999,0.4020122999999997,0.21661920761250014,0.01126598360205481,0.6368759495363535,0.11298385049412664,2024-03-23 11:41:29.602818
2.29,20,500,500,5,0.5327599999999998,0.3558119999999997,0.19200177288,0.014554142465439904,1.1785677640248866,0.19075096511641002,2024-03-23 11:41:38.553208
2.28,20,500,500,5,0.67059,0.48992274999999935,0.2852338352387505,0.009672628167321947,0.4068961382783451,0.07525503132891846,2024-03-23 11:41:48.947126
2.27,20,500,500,5,0.6853100000000004,0.5131612499999991,0.31229976434625045,0.010076775255056498,0.417088215849135,0.07699490929995052,2024-03-23 11:41:57.935534
2.26,20,500,500,5,0.7033299999999995,0.5289681499999994,0.32356263122375095,0.008770571643702133,0.3037173754048035,0.057264999981569045,2024-03-23 11:42:05.406184
2.25,20,500,500,5,0.7315899999999997,0.5680464499999988,0.3653324911362506,0.008535205693136191,0.27438066939588124,0.05202140053863582,2024-03-23 11:42:16.814609
2.24,20,500,500,5,0.7580699999999995,0.5869744499999998,0.36857610677625097,0.005042356046992559,0.08296923012880765,0.016322984927198768,2024-03-23 11:42:25.430989
2.23,20,500,500,5,0.7701299999999998,0.603939949999999,0.3872157995037502,0.004716505993573901,0.06526482042945034,0.012884779521540784,2024-03-23 11:42:34.593704
2.22,20,500,500,5,0.7202199999999999,0.5675960999999993,0.3812896484175007,0.010717567894751827,0.4375005196125049,0.08045985798704489,2024-03-23 11:42:46.207850
2.21,20,500,500,5,0.7995699999999998,0.6473399499999987,0.4370356168487507,0.004040758299031331,0.0423837499917247,0.008405498687360766,2024-03-23 11:42:53.401083
2.2,20,500,500,5,0.8116799999999998,0.6674968999999993,0.46441129819250054,0.004204178886099382,0.04758803100349479,0.009427875395376506,2024-03-23 11:43:03.322964
2.19,20,500,500,5,0.8250399999999999,0.6880079999999992,0.4907746593750003,0.003852563464150467,0.035576139614230964,0.007064959128382161,2024-03-23 11:43:10.721808
2.18,20,500,500,5,0.8378100000000003,0.7064877499999987,0.5107431341487505,0.003030536084084055,0.01639608128384006,0.003268498144517295,2024-03-23 11:43:18.658103
2.17,20,500,500,5,0.8247700000000001,0.6878499499999992,0.49111181751875066,0.003929383981379478,0.03801489291041161,0.007545609474856232,2024-03-23 11:43:28.727397
2.16,20,500,500,5,0.84197,0.7137211499999995,0.5216581478587505,0.003112829647381773,0.019336348881595557,0.0038523716160013995,2024-03-23 11:43:37.788492
2.15,20,500,500,5,0.8414000000000004,0.7141422999999991,0.5252206866025008,0.003538378123386937,0.028973792662162823,0.005761372768424214,2024-03-23 11:43:48.363537
2.14,20,500,500,5,0.8487700000000002,0.725995749999999,0.5414588957687504,0.003358056165056689,0.023738250896746176,0.004725216504364823,2024-03-23 11:43:58.261936
2.13,20,500,500,5,0.8615499999999984,0.7462549499999996,0.5677837376287502,0.002832514224073685,0.015690842005123457,0.003128351108428909,2024-03-23 11:44:07.032550
2.12,20,500,500,5,0.8461199999999997,0.7227934999999992,0.5393736894725006,0.003733232797233017,0.03420928924373807,0.006795364927880689,2024-03-23 11:44:14.531042
2.11,20,500,500,5,0.8524200000000005,0.7321555999999992,0.5505197357000001,0.003344467941155884,0.025736969063800203,0.005121033834883428,2024-03-23 11:44:22.225631
2.1,20,500,500,5,0.8337900000000011,0.7066055499999992,0.52482950404375,0.004839548658346452,0.0681656899043592,0.013449775337878809,2024-03-23 11:44:31.250052
2.09,20,500,500,5,0.8674199999999999,0.7567889000000002,0.5849194805825001,0.002968300868751362,0.019422316071188033,0.003869432545853266,2024-03-23 11:44:39.423855
2.08,20,500,500,5,0.8793399999999999,0.7763728999999988,0.6117666302225008,0.002509333018283516,0.011416244609527941,0.0022780475722422163,2024-03-23 11:44:46.651866
2.07,20,500,500,5,0.8921699999999996,0.79842415,0.6448029147287507,0.0022195245374398566,0.006414218392094842,0.0012812000989712133,2024-03-23 11:44:53.017828
2.06,20,500,500,5,0.8832900000000005,0.7844175500000007,0.6263367674337509,0.002912718360345278,0.015201756193923251,0.0030311355221449726,2024-03-23 11:45:01.366093
2.05,20,500,500,5,0.8959599999999999,0.8052331000000007,0.6556929662425006,0.0022347850220507982,0.00839131297340855,0.0016754507483615034,2024-03-23 11:45:07.159617
2.04,20,500,500,5,0.8966399999999995,0.8067904000000002,0.6589663451350005,0.00238176558308717,0.008217972658784134,0.0016408975614975762,2024-03-23 11:45:13.044831
2.03,20,500,500,5,0.9065299999999995,0.8234598499999997,0.6832900652562511,0.0018248429588480994,0.0027308836697622586,0.0005458785877682499,2024-03-23 11:45:18.762813
2.02,20,500,500,5,0.9023600000000003,0.8165361000000005,0.6735852430425008,0.002140217043302015,0.008470967374817293,0.0016913280380373929,2024-03-23 11:45:24.489752
2.01,20,500,500,5,0.8990699999999998,0.8121373500000008,0.67042744797375,0.0027688922311970674,0.015022361582448306,0.0029954725022817495,2024-03-23 11:45:30.528713
2.0,20,500,100,5,0.9075899999999996,0.8259611499999998,0.6891075154637502,0.0021203787786778666,0.007206180858286855,0.0014391619993270662,2024-03-23 11:45:35.598232
1.9,20,500,100,5,0.9383100000000009,0.8814173500000012,0.7802327709737509,0.0014086958674595963,0.00130615782586119,0.0002611633410638863,2024-03-23 11:45:40.797984
1.8,20,500,100,5,0.95612,0.9146518000000009,0.8383275252850011,0.0009863770840163489,0.0006388252271658486,0.00012774872361169344,2024-03-23 11:45:45.794905
1.7,20,500,100,5,0.9710800000000026,0.9432649000000014,0.8907418842325036,0.0007328556679753635,4.762016245444044e-05,9.52394178455709e-06,2024-03-23 11:45:51.763324
1.6,20,500,100,5,0.9806500000000055,0.961827550000001,0.9256908280637538,0.0005534216797286854,0.0001677981838403741,3.3558510556650064e-05,2024-03-23 11:45:57.082577
1.5,20,500,100,5,0.9866900000000056,0.9736616500000013,0.9484182654662525,0.0004571538507804139,2.205036486057469e-05,4.410053523457089e-06,2024-03-23 11:46:02.136975
1.4,20,500,100,5,0.9913400000000046,0.9828125000000009,0.9661442078824993,0.000339145831542246,0.0002411786916548827,4.823341175674823e-05,2024-03-23 11:46:07.095963
1.3,20,500,100,5,0.9945400000000036,0.9891449000000004,0.9785453642374988,0.0002649122650660454,6.085330122245916e-05,1.2170512121323803e-05,2024-03-23 11:46:11.919541
1.2,20,500,100,5,0.9971300000000018,0.9942850500000008,0.988669212596248,0.00018337243548664412,-5.5752504659394986e-05,-1.1150625266936426e-05,2024-03-23 11:46:16.954279
1.1,20,500,100,5,0.9982900000000013,0.9965929500000004,0.9932372124187482,0.0001416044744844671,3.39105578458457e-06,6.782106969468527e-07,2024-03-23 11:46:21.793710
1.0,20,500,100,5,0.9994300000000004,0.9988635500000002,0.997741195238749,8.031473521308333e-05,9.949054341261465e-05,1.9897712755671984e-05,2024-03-23 11:46:26.555571
0.9,20,500,100,5,0.9997700000000002,0.9995414500000002,0.9990886531262495,5.286020338193744e-05,9.859523021434782e-07,1.9719042154462561e-07,2024-03-23 11:46:31.479684
0.8,20,500,100,5,0.9999300000000001,0.9998603500000001,0.99972209300875,2.6271657600063822e-05,-2.4503422144640276e-08,-4.900684452944764e-09,2024-03-23 11:46:36.637297
0.7,20,500,100,5,0.99999,0.99998005,0.9999602990012499,9.9899949849754e-06,-5.000105716426011e-10,-1.0000211433852061e-10,2024-03-23 11:46:41.445777
0.6,20,500,100,5,1.0,1.0,1.0,0.0,0.0,0.0,2024-03-23 11:46:46.263436
0.5,20,500,100,5,1.0,1.0,1.0,0.0,0.0,0.0,2024-03-23 11:46:51.154274
0.4,20,500,100,5,1.0,1.0,1.0,0.0,0.0,0.0,2024-03-23 11:46:56.202267
0.3,20,500,100,5,1.0,1.0,1.0,0.0,0.0,0.0,2024-03-23 11:47:01.721773
0.2,20,500,100,5,1.0,1.0,1.0,0.0,0.0,0.0,2024-03-23 11:47:06.879296
0.1,20,500,100,5,1.0,1.0,1.0,0.0,0.0,0.0,2024-03-23 11:47:11.766098
4.0,40,500,100,5,0.04235750000000002,0.002788340625,2.2309322622070314e-05,0.0014108838018653236,0.0028006228129574323,0.0005598109987007054,2024-03-23 11:47:54.360676
3.9,40,500,100,5,0.042597499999999996,0.002858996875000001,2.3967165756835923e-05,0.0014978265225377106,0.18500714914926336,0.03568117532482451,2024-03-23 11:48:15.209018
3.8,40,500,100,5,0.045149999999999954,0.0030557937499999985,2.5102870712890607e-05,0.0014455720888000706,0.06775007639038516,0.013368866926966063,2024-03-23 11:48:35.793742
3.7,40,500,100,5,0.04784750000000001,0.0036287156250000003,4.0115433442382766e-05,0.0017184567552608974,0.25612470119901765,0.048728809866438474,2024-03-23 11:48:56.428350
3.6,40,500,100,5,0.04704999999999999,0.0033954312500000003,3.2484068017578063e-05,0.0015628991017049068,0.08377144724413482,0.01647820876950449,2024-03-23 11:49:17.183852
3.5,40,500,100,5,0.047357500000000004,0.0036688531250000005,4.7886955961914055e-05,0.0018096962673040476,0.3705507319718587,0.06899678458782696,2024-03-23 11:49:37.922491
3.4,40,500,100,5,0.04889749999999997,0.0036897531250000026,4.0308357446289054e-05,0.0016822590796568687,0.2236897417181766,0.04282217221511333,2024-03-23 11:49:58.509619
3.3,40,500,100,5,0.05584250000000001,0.004826703124999998,6.385940496582026e-05,0.0020152438735982522,0.4716416325200278,0.08619746397806534,2024-03-23 11:50:27.743482
3.2,40,500,100,5,0.05959000000000004,0.005810881249999996,0.00010339407186523453,0.0024494992255100784,0.8187373017932669,0.14070703991756794,2024-03-23 11:50:50.765334
3.1,40,500,100,5,0.06807250000000005,0.007078615625,0.00013532767840332047,0.002536260323948635,0.7889945089388861,0.13629215016883953,2024-03-23 11:51:20.816446
3.0,40,500,100,5,0.07095500000000006,0.008246237500000001,0.00021186004761718772,0.0030973258873626046,1.2338676813361016,0.19792971946296548,2024-03-23 11:51:41.873878
2.9,40,500,100,5,0.07317,0.008384256249999998,0.00021097709110351584,0.002971636716216394,1.1425073237948349,0.18600015654340235,2024-03-23 11:52:02.468243
2.8,40,500,100,5,0.08108750000000008,0.010030271875000003,0.0002858268599365234,0.003209134594658132,1.22586067775896,0.19689818664561196,2024-03-23 11:52:23.176189
2.7,40,500,100,5,0.10881249999999992,0.018345184374999986,0.0009291420694873044,0.004696274139440289,1.7380685396229176,0.2579475897881242,2024-03-23 11:52:44.397588
2.6,40,500,100,5,0.11218749999999995,0.019282978125,0.001061453666762695,0.004816577413145691,1.8302253888604167,0.2679597355374797,2024-03-23 11:53:05.117994
2.5,40,500,100,5,0.136975,0.03252958749999998,0.004033177192128904,0.00781982608419268,3.052021097156869,0.3790378912735988,2024-03-23 11:53:25.175851
2.4,40,500,100,5,0.2853350000000001,0.11809718125000003,0.028424398188291046,0.011670292234213174,2.1412065816173826,0.29983820761174923,2024-03-23 11:53:45.908660
2.39,40,500,500,5,0.3105850000000002,0.12902045624999992,0.031724127820400405,0.01031599875997195,1.5858523934834974,0.24079683216900677,2024-03-23 11:54:09.293531
2.38,40,500,500,5,0.23161750000000011,0.08226082812500002,0.015121202291958017,0.010694476807871372,2.4962949691904988,0.3330038344875943,2024-03-23 11:54:32.605272
2.37,40,500,500,5,0.34137250000000036,0.145697521875,0.03849897586577636,0.00923257396751664,1.1537031821044688,0.18748112282365895,2024-03-23 11:54:56.700579
2.36,40,500,500,5,0.3976774999999999,0.18419017812499994,0.047768771262426804,0.008274245729584396,0.7860898282498823,0.13585855933516516,2024-03-23 11:55:21.526041
2.35,40,500,500,5,0.37768499999999977,0.1764248749999999,0.04818671901312502,0.00990746863542509,1.1323669850653926,0.1846541454259228,2024-03-23 11:55:49.080702
2.34,40,500,500,5,0.2743,0.11467395625000006,0.034974582352744144,0.012499977004700673,2.45294479464018,0.3291242404484502,2024-03-23 11:56:13.044208
2.33,40,500,500,5,0.32630499999999985,0.16567686249999994,0.058417384718417995,0.015648826115331516,2.670562929462874,0.34815735872593623,2024-03-23 11:56:36.575301
2.32,40,500,500,5,0.5646950000000001,0.3438727812500002,0.14514490387499024,0.0075833071034669295,0.3762088058635266,0.0699765986494455,2024-03-23 11:57:00.144140
2.31,40,500,500,5,0.42987500000000006,0.22468145624999997,0.08137064173731447,0.010621124808500812,1.0350742094868435,0.17150977329487632,2024-03-23 11:57:24.369948
2.3,40,500,500,5,0.4416350000000001,0.25666347500000014,0.10671073193568364,0.014130028340938829,1.5500489915262572,0.2366469309667061,2024-03-23 11:57:48.206154
2.29,40,500,500,5,0.5225449999999996,0.31848116249999975,0.137170222732793,0.010975390895961033,0.8145722076761469,0.1400915112208571,2024-03-23 11:58:11.380696
2.28,40,500,500,5,0.5038550000000002,0.3053780875000001,0.13722495674582036,0.01199956840611868,0.9943360455976968,0.16587926302996436,2024-03-23 11:58:34.366941
2.27,40,500,500,5,0.6681050000000001,0.46225476875000004,0.23729838613821294,0.005822929520800821,0.1672033395564389,0.03235857553281267,2024-03-23 11:58:59.399865
2.26,40,500,500,5,0.7487350000000009,0.56426835,0.32618447359160196,0.0027207000525730665,0.02514471945146327,0.005003780160625509,2024-03-23 11:59:22.584656
2.25,40,500,500,5,0.6730375000000003,0.47284280937499973,0.2520830069253273,0.00655579646989841,0.20463593788299786,0.03931801192731151,2024-03-23 11:59:46.051355
2.24,40,500,500,5,0.7036325000000008,0.5186591218750002,0.3019498862307961,0.007164562396703309,0.2233671704647625,0.04276306129268103,2024-03-23 12:00:09.634973
2.23,40,500,500,5,0.7535175000000004,0.5730852218749998,0.33968525687399936,0.0032806156895701377,0.039940998685845414,0.007924894100200766,2024-03-23 12:00:34.018072
2.22,40,500,500,5,0.7627449999999995,0.5864079249999993,0.35406619868511774,0.0030619914204264957,0.03236056836024005,0.006430494778871643,2024-03-23 12:00:57.772043
2.21,40,500,500,5,0.7406275000000003,0.5621169406249997,0.3396704915759815,0.005332030364494233,0.11543900981067498,0.022566784510435874,2024-03-23 12:01:21.269270
2.2,40,500,500,5,0.7991899999999991,0.6408977687499995,0.4161819519612991,0.002099592011744104,0.012574203482920555,0.0025085321378750937,2024-03-23 12:01:44.354312
2.19,40,500,500,5,0.7451649999999999,0.5650494062500003,0.3390142477984085,0.004493959213620626,0.08163438514779606,0.016064592404835473,2024-03-23 12:02:07.699685
2.18,40,500,500,5,0.8135824999999994,0.6645737343749997,0.44825088030030824,0.0023122904435606776,0.015141103136718417,0.003019078192485635,2024-03-23 12:02:30.775813
2.17,40,500,500,5,0.8082575000000004,0.6569785156249992,0.4405509382549858,0.0027319631390925483,0.02263317774453296,0.00450623745425435,2024-03-23 12:02:54.504144
2.16,40,500,500,5,0.8236425000000004,0.6808607531249997,0.47003539137162603,0.0022303306093085064,0.01354401547959934,0.0027014853041643656,2024-03-23 12:03:17.643306
2.15,40,500,500,5,0.8502775000000006,0.723963646875,0.5269545940269296,0.0014096488881058286,0.004373589334598706,0.0008739534042621777,2024-03-23 12:03:40.332538
2.14,40,500,500,5,0.8489299999999995,0.7222309375000001,0.5259206820967194,0.0017625912328006288,0.007378855909853061,0.0014735964907357313,2024-03-23 12:04:03.931903
2.13,40,500,500,5,0.8483474999999998,0.7209030031250004,0.5231050467744782,0.001556664607005241,0.004299177622534869,0.0008590968425227808,2024-03-23 12:04:26.968899
2.12,40,500,500,5,0.8287350000000001,0.6920099124999999,0.491391100247383,0.003249506923153412,0.034289763473254624,0.006811241522497793,2024-03-23 12:04:49.871452
2.11,40,500,500,5,0.8629674999999998,0.7461688593750008,0.5608135039614991,0.0017094730550656551,0.008921550196167062,0.001781131947618078,2024-03-23 12:05:12.695093
2.1,40,500,500,5,0.8643399999999994,0.7483383312500003,0.5636481400620028,0.001586207415056752,0.006637728817464575,0.0013257857222740107,2024-03-23 12:05:35.884005
2.09,40,500,500,5,0.878515000000001,0.7726570562500007,0.5996083262281154,0.0013188150758730484,0.0034129074121782375,0.0006821158827651966,2024-03-23 12:05:58.992136
2.08,40,500,500,5,0.8762200000000006,0.7688535437500019,0.5943788217461226,0.0014791390003666847,0.004282615349987704,0.0008557900660628833,2024-03-23 12:06:21.928028
2.07,40,500,500,5,0.8844024999999995,0.7829639343750008,0.6154674732397999,0.0012625410551929035,0.0026772176584335325,0.000535156985340469,2024-03-23 12:06:45.472012
2.06,40,500,500,5,0.8894825000000001,0.7918648156250013,0.6291747883415085,0.001171512491378599,0.0019065977847042546,0.0003811742077608303,2024-03-23 12:07:08.805234
2.05,40,500,500,5,0.8951874999999991,0.8020220781250008,0.6453028368155518,0.0011506331002995517,0.0021177871880580595,0.0004233781126630715,2024-03-23 12:07:32.061833
2.04,40,500,500,5,0.8985200000000004,0.8078615937500003,0.6543000362964151,0.0010232610566864532,0.0006125537120455771,0.0001224957353656338,2024-03-23 12:07:55.896295
2.03,40,500,500,5,0.9003850000000004,0.8112916687500002,0.6600900413374501,0.0010944899277269891,0.0018110320798574795,0.0003620752699856425,2024-03-23 12:08:18.710163
2.02,40,500,500,5,0.9075974999999997,0.8242376968750005,0.6810072124545058,0.0010046770957187062,0.0010563686773828343,0.000211229108313812,2024-03-23 12:08:41.843930
2.01,40,500,500,5,0.9100199999999998,0.8285235687500011,0.6877194330163365,0.0008800861282928085,0.0006937977064921096,0.0001387402897594553,2024-03-23 12:09:05.232265
2.0,40,500,100,5,0.9149199999999992,0.837493175000001,0.7027612180782019,0.0009108470381727426,0.0015230499342366879,0.00030451722785856483,2024-03-23 12:09:25.516885
1.9,40,500,100,5,0.9385374999999999,0.8810461031249986,0.7769192269152384,0.0006220414514646633,4.606693400760771e-05,9.213301915807272e-06,2024-03-23 12:09:46.009882
1.8,40,500,100,5,0.9571325000000003,0.9162249031249992,0.8399121242175646,0.0004945533683119505,0.00022383576200972791,4.4765148393725147e-05,2024-03-23 12:10:06.026973
1.7,40,500,100,5,0.9703050000000006,0.9415610999999997,0.8867972470174239,0.0003723111354368053,2.942656940514608e-05,5.885279244313586e-06,2024-03-23 12:10:26.091212
1.6,40,500,100,5,0.9797800000000001,0.9600096312500027,0.9217743870683707,0.0002855934016873351,-6.463862003000294e-05,-1.292789113420915e-05,2024-03-23 12:10:46.130354
1.5,40,500,100,5,0.9870550000000006,0.9743028937500029,0.9493645171363171,0.000225039711612651,7.018950206327573e-05,1.403770335277346e-05,2024-03-23 12:11:06.004532
1.4,40,500,100,5,0.991687499999998,0.9834582218750026,0.9672455394911441,0.0001680748254490717,6.278545213517205e-05,1.2556932748494402e-05,2024-03-23 12:11:25.655117
1.3,40,500,100,5,0.9949424999999974,0.9899191343750017,0.9799736813870209,0.00013081306588492354,-1.1586430905444363e-05,-2.317291550916561e-06,2024-03-23 12:11:45.906408
1.2,40,500,100,5,0.9971399999999948,0.9942923750000028,0.9886339839208148,9.160064413818802e-05,-3.635523918767454e-05,-7.271100706055973e-06,2024-03-23 12:12:05.648463
1.1,40,500,100,5,0.9983699999999949,0.9967450750000034,0.9935103691301722,6.954244039540633e-05,-2.5335587429679332e-05,-5.067143161745585e-06,2024-03-23 12:12:25.685000
1.0,40,500,100,5,0.9993024999999962,0.9986064843750029,0.9972188907463606,4.46736776528431e-05,-5.761150832360629e-08,-1.1522301797484695e-08,2024-03-23 12:12:45.700240
0.9,40,500,100,5,0.9996824999999978,0.9993655093750015,0.9987330523928263,2.858561728294323e-05,1.1601117337476544e-08,2.3202234621118717e-09,2024-03-23 12:13:05.460579
0.8,40,500,100,5,0.9999124999999994,0.9998251531250003,0.9996509171733444,1.70568902733467e-05,2.422298632443742e-08,4.844597241417361e-09,2024-03-23 12:13:25.402041
0.7,40,500,100,5,0.9999749999999997,0.9999500312500001,0.9999001873437987,7.826237998970073e-06,-3.125156416770136e-09,-6.250312837446914e-10,2024-03-23 12:13:45.278186
0.6,40,500,100,5,1.0,1.0,1.0,0.0,0.0,0.0,2024-03-23 12:14:05.024057
0.5,40,500,100,5,1.0,1.0,1.0,0.0,0.0,0.0,2024-03-23 12:14:24.919944
0.4,40,500,100,5,1.0,1.0,1.0,0.0,0.0,0.0,2024-03-23 12:14:44.938935
0.3,40,500,100,5,1.0,1.0,1.0,0.0,0.0,0.0,2024-03-23 12:15:04.795742
0.2,40,500,100,5,1.0,1.0,1.0,0.0,0.0,0.0,2024-03-23 12:15:24.457653
0.1,40,500,100,5,1.0,1.0,1.0,0.0,0.0,0.0,2024-03-23 12:15:44.881721
4.0,80,500,100,5,0.020392499999999997,0.0006544976562500007,1.29496864982605e-06,0.0006999616747853357,0.0663078025572986,0.013087993296386114,2024-03-23 13:48:33.294661
3.9,80,500,100,5,0.021250625000000002,0.0006963287109374999,1.4830516816520688e-06,0.0007220955312176052,0.16314612469619078,0.0315982001585885,2024-03-23 13:49:54.898566
3.8,80,500,100,5,0.021268125,0.0007283798828125,1.6137891266822804e-06,0.0007816851445681769,0.26688497236543324,0.050672261453542124,2024-03-23 13:51:20.943883
3.7,80,500,100,5,0.02293187499999999,0.0008250486328124997,2.1316006090736385e-06,0.0007959645296121302,0.14708668079496973,0.02857668617546035,2024-03-23 13:52:43.197452
3.6,80,500,100,5,0.023746250000000003,0.0008910320312499997,2.4368083519744864e-06,0.0008311583645526969,0.13957361249289846,0.027156652091456217,2024-03-23 13:54:08.740482
3.5,80,500,100,5,0.024270000000000003,0.0009576441406249989,3.0953619579696672e-06,0.0009050078179029446,0.27744904454326863,0.05257256720084166,2024-03-23 13:55:32.343135
3.4,80,500,100,5,0.02526750000000001,0.0010458109375,3.744206258163454e-06,0.0009689242609047302,0.3807569665548012,0.07076271404218296,2024-03-23 13:56:54.242538
3.3,80,500,100,5,0.028722499999999995,0.0012416539062499996,4.053684174575809e-06,0.0009788042894813662,0.37413741215547,0.06961813282057672,2024-03-23 13:58:17.054925
3.2,80,500,100,5,0.030072500000000026,0.0013799687499999993,5.089941947174071e-06,0.0010458778349030492,0.37486703992798365,0.06974443035394721,2024-03-23 13:59:37.835161
3.1,80,500,100,5,0.029958750000000024,0.0014173187500000006,6.120701248092654e-06,0.0011499443317831543,0.6800504888812517,0.11972613451455343,2024-03-23 14:01:05.864080
3.0,80,500,100,5,0.035924374999999995,0.0018988662109374996,8.950829233226783e-06,0.0012287853699793018,0.602703957626276,0.10757376477225587,2024-03-23 14:02:40.616377
2.9,80,500,100,5,0.038775624999999994,0.002361422460937501,1.733162894582748e-05,0.0015787060510331688,1.131527816387587,0.18454255615759904,2024-03-23 14:04:04.370784
2.8,80,500,100,5,0.047776249999999944,0.0036092324218749976,4.1844057620811444e-05,0.0021028286120558133,1.6663654524084295,0.2499661118648099,2024-03-23 14:05:25.185271
2.7,80,500,100,5,0.042126874999999994,0.0029569560546875,3.148801217550278e-05,0.0019970590091523493,1.7166792091433283,0.2555845166472198,2024-03-23 14:06:45.971506
2.6,80,500,100,5,0.06576875000000001,0.006799812890625002,0.00014370211738895403,0.003022170831742671,2.114221229139119,0.29718238455665197,2024-03-23 14:08:07.221173
2.5,80,500,100,5,0.07626062499999996,0.008569963085937498,0.00017193090710897454,0.0031196075697346027,1.9167399564815393,0.2771160934979781,2024-03-23 14:09:27.764205
2.4,80,500,100,5,0.08830687499999997,0.010998465429687502,0.0002698329410017968,0.0032855752971615456,1.7163228480393167,0.2555450187360126,2024-03-23 14:10:50.149831
2.39,80,500,500,5,0.18844187500000004,0.044063604492187484,0.0032483262184687597,0.004972734265299778,1.1138375629568877,0.18218304812439162,2024-03-23 14:12:22.101417
2.38,80,500,500,5,0.1127000000000001,0.017631123046875,0.000696251692598991,0.004117742061534602,1.7992834453287234,0.26462839206458966,2024-03-23 14:13:53.650453
2.37,80,500,500,5,0.0948325,0.014624892187499997,0.000699673366580658,0.004866502310110329,2.756603343678474,0.3553879477316663,2024-03-23 14:15:25.907201
2.36,80,500,500,5,0.3018893750000001,0.10713597324218758,0.016911588907561025,0.00655974299571704,0.8619932420389063,0.14704780548997862,2024-03-23 14:16:58.479891
2.35,80,500,500,5,0.20890374999999997,0.05412365976562507,0.004880748363544353,0.005533985735361425,1.1517862159935823,0.18722793275864122,2024-03-23 14:18:31.044655
2.34,80,500,500,5,0.08610124999999999,0.011276811328124999,0.00032603456340282467,0.003846422167658976,2.286915932895319,0.31383866013487216,2024-03-23 14:20:03.856602
2.33,80,500,500,5,0.22135312500000004,0.05775960175781252,0.0049475897205014975,0.004848125349953638,0.853009827028707,0.1457386630532516,2024-03-23 14:21:35.832850
2.32,80,500,500,5,0.10630062499999994,0.019270995507812496,0.0011343581656385225,0.006061301947048194,3.261288675372673,0.3947675482028297,2024-03-23 14:23:07.517000
2.31,80,500,500,5,0.1188768749999999,0.01771696035156252,0.0005554841284159283,0.003234626887294961,1.1478677177879413,0.18670989202756536,2024-03-23 14:24:39.044731
2.3,80,500,500,5,0.24957312499999976,0.08869539707031253,0.017735249521001223,0.009844622612916158,2.0873504407499297,0.29451774089628086,2024-03-23 14:26:10.291310
2.29,80,500,500,5,0.6175087499999997,0.3863112578125001,0.15656350554350568,0.0031978935924956006,0.05959923165871074,0.011779437249849542,2024-03-23 14:27:42.568182
2.28,80,500,500,5,0.5478437500000003,0.308702948046875,0.10495659623786904,0.004255525309379061,0.14135483635811724,0.02749369394979282,2024-03-23 14:29:16.655183
2.27,80,500,500,5,0.6424206250000002,0.4177312146484376,0.1826034490331681,0.0032071122023581465,0.05760401230524159,0.011389585298708637,2024-03-23 14:30:47.162305
2.26,80,500,500,5,0.6847924999999992,0.4713395281249997,0.2265494133577595,0.002200794491267578,0.02395834408951978,0.004768818220339304,2024-03-23 14:32:19.116242
2.25,80,500,500,5,0.7166025,0.5172247671875,0.27467514845271185,0.0027410360402784413,0.034417350024869786,0.0068364117696161535,2024-03-23 14:33:50.753853
2.24,80,500,500,5,0.7087293750000004,0.5085401580078123,0.2696070462464684,0.0035761512599891843,0.06070879411772183,0.01199610500969474,2024-03-23 14:35:22.145899
2.23,80,500,500,5,0.7267506250000003,0.5323640130859377,0.29208787294296973,0.002919611028196689,0.03842851820273194,0.00762708413226429,2024-03-23 14:36:53.038875
2.22,80,500,500,5,0.7527381249999999,0.5680498376953126,0.32591458057874234,0.0016979551359828802,0.01110152663121809,0.0022153864918161505,2024-03-23 14:38:25.159471
2.21,80,500,500,5,0.7503793749999994,0.5659636064453123,0.3266557452960231,0.002416743935746121,0.02239290127642387,0.004458612003599477,2024-03-23 14:39:56.774966
2.2,80,500,500,5,0.7920512499999998,0.6285241238281248,0.39791655042004076,0.0015381719177230333,0.008578084021100607,0.0017126785041980928,2024-03-23 14:41:28.463108
2.19,80,500,500,5,0.80187125,0.6437107550781248,0.41617297265892406,0.0011953033525126872,0.003931108292202516,0.0007856039995610908,2024-03-23 14:42:59.670673
2.18,80,500,500,5,0.8143993750000004,0.6640657646484369,0.4431214792285274,0.001281497295704115,0.005171358781807694,0.0010332031435316001,2024-03-23 14:44:31.292655
2.17,80,500,500,5,0.8206050000000009,0.6740244128906243,0.45596343296943304,0.0011249337143599742,0.003525637609196331,0.0007046306673629767,2024-03-23 14:46:02.291222
2.16,80,500,500,5,0.8237387500000005,0.6794116980468754,0.46387944917950563,0.0013175419302761781,0.005162306846627919,0.0010313964922908357,2024-03-23 14:47:35.941630
2.15,80,500,500,5,0.8343543749999994,0.6966004642578126,0.4865060260112503,0.0009525593822882879,0.002446336757777743,0.0004890280860790364,2024-03-23 14:49:08.379775
2.14,80,500,500,5,0.841818125,0.7090645197265623,0.5039106874768922,0.0009023464460948469,0.0021536211158756507,0.00043053877969369985,2024-03-23 14:50:39.374703
2.13,80,500,500,5,0.8486075000000001,0.720564709375,0.5204360598233347,0.0009277645591799037,0.0020535069501608563,0.0004105327836472736,2024-03-23 14:52:11.710930
2.12,80,500,500,5,0.86010625,0.7401489601562496,0.5488939248456449,0.0008561043929343612,0.0017647420340917875,0.0003528238781926619,2024-03-23 14:53:43.616135
2.11,80,500,500,5,0.8626524999999993,0.7444461140625005,0.5550156596365226,0.0007441613828306088,0.0009915480546945244,0.00019827029203443077,2024-03-23 14:55:15.337174
2.1,80,500,500,5,0.8655874999999993,0.7496894742187504,0.5633353305402727,0.0009467420501927173,0.0022679431295827717,0.0004533829765552047,2024-03-23 14:56:46.890094
2.09,80,500,500,5,0.874105625,0.7643486947265634,0.5851060776331476,0.0007591539696326876,0.0009226218267563665,0.00018449032239162052,2024-03-23 14:58:19.271702
2.08,80,500,500,5,0.8810475000000002,0.7764107363281261,0.6033255112304822,0.0005763458900739973,0.0007260433691155193,0.0001451875913255119,2024-03-23 14:59:50.471401
2.07,80,500,500,5,0.8850712499999996,0.7835237402343751,0.6144466740777939,0.0005876420338171352,0.0005636881855933949,0.00011272492877656435,2024-03-23 15:01:21.589721
2.06,80,500,500,5,0.8872906249999994,0.7874907419921887,0.6207874955867582,0.0006420977738361552,0.0006792738037554102,0.00013583630674212827,2024-03-23 15:02:51.986390
2.05,80,500,500,5,0.8930043750000001,0.797639561914062,0.636806569068757,0.0006046311063702499,0.0005641982579622591,0.00011282692024208145,2024-03-23 15:06:02.162344
2.04,80,500,500,5,0.8986474999999996,0.8077198812500003,0.6529003873484165,0.000552454507065373,0.0008357386258451111,0.00016711979147604627,2024-03-23 15:07:35.559900
2.03,80,500,500,5,0.9025999999999992,0.8148066097656259,0.6642976644288523,0.0004896328649925437,0.000425649831195096,8.512271974476115e-05,2024-03-23 15:09:09.374733
2.02,80,500,500,5,0.904720625,0.8186789900390627,0.6707544060188244,0.0005650046385617228,0.0005386321407914283,0.00010771482442499066,2024-03-23 15:10:40.768132
4.0,100,500,100,5,0.01696960000000001,0.00043958240000000013,5.306186939648e-07,0.0005687717469904669,0.16712675489458229,0.0323442336180878,2024-03-23 15:14:03.216293
3.9,100,500,100,5,0.016366400000000024,0.00042340144000000015,5.74560919456e-07,0.0005677575670905335,0.09052092514176947,0.017782251850629312,2024-03-23 15:15:55.255673
3.8,100,500,100,5,0.016962799999999997,0.00043637735999999986,5.134496186783998e-07,0.0005656541830143615,0.1907543729557446,0.03674887294794578,2024-03-23 15:17:44.561736
3.7,100,500,100,5,0.01775200000000001,0.0005140657600000003,8.601825708352002e-07,0.0006618724830177138,0.2526656095431931,0.04810235951135801,2024-03-23 15:19:32.953752
3.6,100,500,100,5,0.016936800000000005,0.00046032928000000006,6.287754673792006e-07,0.0006101707965853481,0.18273788109686462,0.03525894716060583,2024-03-23 15:21:30.034645
3.5,100,500,100,5,0.020471600000000013,0.0006430183200000002,1.2012793735584004e-06,0.0007224469167463147,0.41343884117762436,0.07637268163681443,2024-03-23 15:23:22.705946
3.4,100,500,100,5,0.01999480000000001,0.0006323402399999998,1.1808355988640004e-06,0.0007193907120631988,0.28180484605473743,0.05335389213882685,2024-03-23 15:25:08.901504
3.3,100,500,100,5,0.022123999999999974,0.0007476355200000003,1.727831149132804e-06,0.0007873608631821568,0.5016616524744208,0.09118366125783,2024-03-23 15:26:58.752219
3.2,100,500,100,5,0.023123199999999997,0.0008236804799999998,1.8652126162752033e-06,0.000852726408121292,0.6450999274698498,0.1142760864746969,2024-03-23 15:28:47.202079
3.1,100,500,100,5,0.025020799999999985,0.0009550537599999992,2.8215748546816013e-06,0.0009271726825044771,0.7660120111256785,0.13284953441783287,2024-03-23 15:30:35.607220
3.0,100,500,100,5,0.028215200000000006,0.0012224584000000004,4.249023622547201e-06,0.0010757461448856833,0.8927530590903279,0.15150016471726094,2024-03-23 15:32:24.778859
2.9,100,500,100,5,0.029862000000000017,0.0013487135200000002,4.982772250979197e-06,0.0010998383502187124,0.8088401544877026,0.1392429698487781,2024-03-23 15:34:10.649519
2.8,100,500,100,5,0.035483200000000006,0.0019404606400000004,1.0819073877395195e-05,0.0014438011626150037,1.3240243192097312,0.2093642042437916,2024-03-23 15:35:55.706483
2.7,100,500,100,5,0.03897400000000002,0.0023928298399999988,1.6629706721705625e-05,0.0017237973146929392,1.7505189986383731,0.259316209463519,2024-03-23 15:37:40.913912
2.6,100,500,100,5,0.041942400000000025,0.0028449500799999964,2.2441685934515223e-05,0.0020277551854486204,2.2336609891949886,0.3087870709632973,2024-03-23 15:39:24.727665
2.5,100,500,100,5,0.06373880000000001,0.006475488879999989,0.000125853936124259,0.003104858844710184,2.4941622185407617,0.3328140152037457,2024-03-23 15:41:09.977084
2.4,100,500,100,5,0.08187199999999997,0.0089698736,0.0001611877950121473,0.002680483232605196,1.4619917756130887,0.2262447595694101,2024-03-23 15:42:54.645219
2.39,100,500,500,5,0.13583600000000007,0.02335946976000001,0.0009725135413241852,0.0038275688383640587,1.2311866814262724,0.1975846246263421,2024-03-23 15:44:53.460276
2.38,100,500,500,5,0.09320919999999992,0.013238499760000005,0.0004633494466640612,0.00425055299376732,2.462922453605615,0.3300211772153261,2024-03-23 15:46:52.288302
2.37,100,500,500,5,0.18021280000000006,0.04571776176000002,0.004173304180312959,0.006886472502972003,1.9769197023396226,0.28335136230343705,2024-03-23 15:48:51.769593
2.36,100,500,500,5,0.09836640000000002,0.012495459359999996,0.00028141534496760974,0.002931614912786145,1.3102204946492477,0.20763466122305066,2024-03-23 15:50:51.307205
2.35,100,500,500,5,0.1421576,0.03158337855999999,0.0027591043513809665,0.006904505788574185,2.7388896960628712,0.35391248662663716,2024-03-23 15:52:52.819330
2.34,100,500,500,5,0.06903119999999999,0.0076117260799999946,0.00017662742176828162,0.0034506465871906233,2.7289208610365305,0.3530791568579411,2024-03-23 15:54:49.998970
2.33,100,500,500,5,0.11931919999999997,0.020091898240000003,0.0007880501500143625,0.0045616952782956905,1.9427155353468584,0.27982070206622695,2024-03-23 15:56:47.448118
2.32,100,500,500,5,0.2348520000000001,0.06486863407999992,0.006800125358502481,0.005109344622593453,0.8595361535091578,0.14669013570202122,2024-03-23 15:58:47.905559
2.31,100,500,500,5,0.27844679999999994,0.09926409671999994,0.01749632382152093,0.00822717747586292,1.393341639382808,0.21793636535858837,2024-03-23 16:00:47.070103
2.3,100,500,500,5,0.47331439999999986,0.2356379099200001,0.06551186229071497,0.005061514764610217,0.2579530358772613,0.049059592985547316,2024-03-23 16:02:50.240661
2.29,100,500,500,5,0.36202639999999997,0.14542574815999995,0.030093294856082774,0.005902030408332996,0.5316482402408756,0.09611027620543801,2024-03-23 16:04:48.754801
2.28,100,500,500,5,0.5815167999999997,0.34042670064000025,0.11882917966046247,0.0021417852907183376,0.03169014794346689,0.0062981119686829614,2024-03-23 16:06:50.238277
2.27,100,500,500,5,0.6273860000000002,0.3964943123999998,0.16179818917078626,0.0024165817197684993,0.0336797913566276,0.006690888724082022,2024-03-23 16:08:50.115706
2.26,100,500,500,5,0.6409379999999993,0.4135786445599998,0.1755546481892035,0.0023718694302621223,0.03218939079265552,0.006396697002611252,2024-03-23 16:10:51.607310
2.25,100,500,500,5,0.6715960000000003,0.4543642230399999,0.21195721383459323,0.0025955200483635163,0.03410009636490446,0.006773821678581232,2024-03-23 16:12:48.783294
2.24,100,500,500,5,0.6593115999999997,0.43806069464000047,0.19767358412758967,0.0026158940741565486,0.038990487820308645,0.0077377577740128985,2024-03-23 16:14:47.035770
2.23,100,500,500,5,0.7323308000000005,0.5388237218399998,0.2955443610726091,0.002252351417120043,0.021092973778441132,0.004200872974986635,2024-03-23 16:16:46.591551
2.22,100,500,500,5,0.7699939999999997,0.5937805391199996,0.3546511484728054,0.0013357391360125667,0.0065196962356063905,0.0013022412037065466,2024-03-23 16:18:46.495995
2.21,100,500,500,5,0.7870584,0.6200199631999997,0.3857943075141862,0.0010581030352657032,0.003366617852636096,0.0006728705109522823,2024-03-23 16:20:43.373490
2.2,100,500,500,5,0.7924751999999994,0.6284962710399997,0.3962049614648267,0.0009798342138519804,0.003698499399672798,0.0007391531284541888,2024-03-23 16:22:41.740889
2.19,100,500,500,5,0.7958032,0.6338369222399993,0.4030821126978831,0.0010343912314513242,0.0037135729556108553,0.0007421633755541506,2024-03-23 16:24:40.817612
2.18,100,500,500,5,0.8175351999999997,0.6686822019199996,0.44798367783041015,0.0007982694798515782,0.0017148333531197576,0.0003428490848148061,2024-03-23 16:26:39.230371
2.17,100,500,500,5,0.8232980000000003,0.6781772851999988,0.4608829108223925,0.0008460480376787442,0.0014694705931351108,0.0002938077702513384,2024-03-23 16:28:37.909788
2.16,100,500,500,5,0.8230116,0.6777991522399993,0.46062281732523536,0.0009502886628462671,0.002581516156414567,0.0005160367998157076,2024-03-23 16:30:39.366235
2.15,100,500,500,5,0.8358864000000004,0.6990497105599994,0.48962466260880444,0.0008293692735190235,0.0021086277976907837,0.0004215477820638937,2024-03-23 16:32:40.398911
2.14,100,500,500,5,0.8440855999999997,0.7128016388799993,0.5089884889241038,0.0008017110920770065,0.0018028417460646512,0.00036043838653890297,2024-03-23 16:34:38.216654
2.13,100,500,500,5,0.8505536000000005,0.7236915670399987,0.5244471407502646,0.0007074648919533466,0.0011265629236394791,0.00022526183040264726,2024-03-23 16:36:36.191503
2.12,100,500,500,5,0.8543607999999991,0.7303451364799991,0.5345805444729943,0.0009090410101268749,0.0025309852186738784,0.0005059409379276923,2024-03-23 16:38:36.788137
2.11,100,500,500,5,0.8638468000000002,0.7464380211999998,0.5577818665609313,0.0006431286270261021,0.0009660755907791938,0.000193177793285684,2024-03-23 16:40:34.905637
2.1,100,500,500,5,0.8684259999999997,0.7543541757599994,0.5696218568571105,0.0006172798684020122,0.000773581044644188,0.00015469227552641757,2024-03-23 16:42:32.974202
2.09,100,500,500,5,0.8739035999999993,0.7638628981600002,0.583960528783108,0.0005575285140726043,0.00036929764436507967,7.385407404590155e-05,2024-03-23 16:44:29.211293
2.08,100,500,500,5,0.8815460000000002,0.7772718301599999,0.6046104845703961,0.000545048459076711,0.0009911663846315874,0.00019819398828255314,2024-03-23 16:46:25.505661
2.07,100,500,500,5,0.8819920000000007,0.7780624171200003,0.6058529321984054,0.0005523831087352964,0.0005653580009247124,0.00011305881644365219,2024-03-23 16:48:24.138107
2.06,100,500,500,5,0.8881307999999998,0.7889045907999999,0.6227737175623844,0.0005065609978776931,0.0005677529525033537,0.00011353769822799286,2024-03-23 16:50:23.176583
2.05,100,500,500,5,0.8935360000000003,0.7985108891200005,0.6379511074648762,0.0004567726608874144,0.0003549146783350936,7.097789744749044e-05,2024-03-23 16:52:24.912428
2.04,100,500,500,5,0.8953692000000005,0.8018234698400003,0.6433582997270373,0.0005244095108599752,0.0006753725902734395,0.00013505627539337888,2024-03-23 16:54:26.847829
2.03,100,500,500,5,0.8992860000000008,0.8088151259999998,0.654504205800052,0.0004468258852719429,0.00026252942306255673,5.2503127889336594e-05,2024-03-23 16:56:30.874677
2.02,100,500,500,5,0.9048148000000003,0.8187746443999997,0.6706686383964936,0.0004119001246381644,0.0002580512356973168,5.160758365931643e-05,2024-03-23 16:58:36.336805
2.01,100,500,500,5,0.9088071999999994,0.8260050755200008,0.6825300501226107,0.0003861498391218928,0.00023813159771342524,4.7624051384395894e-05,2024-03-23 17:00:39.923558
2.0,100,500,100,5,0.9119287999999995,0.83168881168,0.6919537206951204,0.00038646608014143637,8.721040474995134e-05,1.7441776729108648e-05,2024-03-23 17:02:31.521055
1.9,100,500,100,5,0.9386656000000005,0.8811275718400023,0.7765070618578565,0.00026253633334344964,-4.014995541504836e-05,-8.030055564284247e-06,2024-03-23 17:04:22.893358
1.8,100,500,100,5,0.9568368000000002,0.9155584745600012,0.8383270613916352,0.00020886887492923433,4.328852065092571e-05,8.657629174993276e-06,2024-03-23 17:06:14.619957
1.7,100,500,100,5,0.9700868000000001,0.9410797356000001,0.8856736954349915,0.00015057237191713502,-1.018155138893659e-05,-2.036314424355309e-06,2024-03-23 17:08:09.058765
1.6,100,500,100,5,0.9796599999999989,0.9597408891200007,0.921130093468187,0.00011977875503363031,-1.565626004716182e-05,-3.131261814202212e-06,2024-03-23 17:10:03.450492
1.5,100,500,100,5,0.9864503999999998,0.9730883622400004,0.9469164105507745,8.911303054677534e-05,-8.647401991387372e-06,-1.7294833893850956e-06,2024-03-23 17:11:52.719711
1.4,100,500,100,5,0.9915067999999994,0.98308796104,0.9664706925518974,6.673187948680604e-05,-2.4579400186367408e-05,-4.915904203268819e-06,2024-03-23 17:13:38.029726
1.3,100,500,100,5,0.9947799999999992,0.989588588800001,0.9792908796834904,5.1776378879454456e-05,-6.1504271320236e-06,-1.2300869395167376e-06,2024-03-23 17:15:26.532667
1.2,100,500,100,5,0.9970388000000004,0.9940871026400014,0.9882120854647863,3.8312918539199436e-05,1.8063344367356902e-05,3.6126558221421416e-06,2024-03-23 17:17:20.171570
1.1,100,500,100,5,0.9984352000000002,0.9968731865599989,0.993757497450638,2.5998498305126492e-05,-1.1029694740623085e-08,-2.2059389529907836e-09,2024-03-23 17:19:05.386305
1.0,100,500,100,5,0.9992607999999958,0.9985223131199985,0.9970474754597466,1.8259472525492875e-05,1.202251120582238e-05,2.40449645954735e-06,2024-03-23 17:20:52.805767
0.9,100,500,100,5,0.9997083999999945,0.9994169464800002,0.998834478505475,1.1085982131623971e-05,1.982003631200361e-06,3.964005691065987e-07,2024-03-23 17:22:40.352436
0.8,100,500,100,5,0.9998955999999974,0.9997912322400013,0.9995825933914266,6.533092154548796e-06,9.10511294364704e-09,1.8210225854132847e-09,2024-03-23 17:24:29.986722
0.7,100,500,100,5,0.9999767999999993,0.9999536052800011,0.9999072316747515,3.0795332207578308e-06,9.088440883377551e-10,1.817688176345111e-10,2024-03-23 17:26:21.575900
0.6,100,500,100,5,0.9999984,0.99999680032,0.999993601919744,7.967938067623459e-07,-1.2799802206141786e-11,-2.5599604412349105e-12,2024-03-23 17:28:13.567927
0.5,100,500,100,5,1.0,1.0,1.0,0.0,0.0,0.0,2024-03-23 17:29:58.755644
0.4,100,500,100,5,1.0,1.0,1.0,0.0,0.0,0.0,2024-03-23 17:31:40.864356
0.3,100,500,100,5,1.0,1.0,1.0,0.0,0.0,0.0,2024-03-23 17:33:23.523452
0.2,100,500,100,5,1.0,1.0,1.0,0.0,0.0,0.0,2024-03-23 17:35:05.675091
0.1,100,500,100,5,1.0,1.0,1.0,0.0,0.0,0.0,2024-03-23 17:36:47.599473
